Split,MAE,RMSE,R2
Train,1.9769331396208678,2.431125055789175,0.46308459990369755
Test,1.8037705042504304,2.2532632193861906,0.5101900546886863
