Model,MAE_test,RMSE_test,R2_test
MultipleLinear,1.8037705042504304,2.2532632193861906,0.5101900546886863
Polynomial_deg2,1.8814829529914687,2.304996955964583,0.48744030088223644
Dummy_mean,2.6044576451270167,3.2438942272809372,-0.015166115637050392
