Split,MAE,RMSE,R2
Train,4.795616900057687,5.8126145238856,0.5517823857504252
Test,4.647666122991541,5.6398371929185185,0.61215754256836
