Model,MAE_test,RMSE_test,R2_test
MultipleLinear,4.647666122991541,5.6398371929185185,0.61215754256836
Polynomial_deg2,4.828506329828191,6.0832435195164285,0.5487755547069577
Dummy_mean,7.616962233169131,9.12546518031815,-0.015388499234964215
