Model,MAE_test,RMSE_test,R2_test
Polynomial_deg2,1.625153424165245,1.9806434307847,0.3364773599105473
MultipleLinear,1.6258700245313387,1.9902279228814312,0.33004014407234306
Dummy_mean,1.9385897807398822,2.4468082707581207,-0.01261190741605156
