Split,MAE,RMSE,R2
Train,1.7497558095404302,2.1886546571710808,0.29259923766229645
Test,1.625153424165245,1.9806434307847,0.3364773599105473
